{"cameraMode":{"drawMode":0,"name":"Shaded","section":"Shading Mode"},"sceneLighting":false,"audioPlay":false,"sceneViewState":{"m_AlwaysRefresh":false,"showFog":true,"showSkybox":false,"showFlares":true,"showImageEffects":true,"showParticleSystems":true,"showVisualEffectGraphs":true,"m_FxEnabled":true},"in2DMode":false,"pivot":{"x":1.3938243389129639,"y":-1.7799999713897706,"z":-0.21718406677246095},"rotation":{"x":0.5358376502990723,"y":-0.001266474137082696,"z":0.0008037583902478218,"w":0.84432053565979},"size":7.088723659515381,"orthographic":false}